[
    {
        "id": 1,
        "firstName": "N. K.",
        "lastName": "Sonar",
        "designation": "Head Fitter",
        "username": "nksonar",
        "password": "password",
        "marking": false,
        "cuttingShearing": false,
        "sheetBending": false,
        "pipeBending": false,
        "straightening": false,
        "gauging": false,
        "pipeFitting": false,
        "insulation": false,
        "testing": false,
        "fittingAssembly": false,
        "filletWeld": true,
        "buttWeld": true,
        "rootWeld": true,
        "backChipping": true,
        "tagWeld": true,
        "edgeWeld": true,
        "pipeWeld": true,
        "cleaning": true,
        "packing": true,
        "handling": true,
        "filing": false,
        "grinding": false,
        "drilling": false,
        "tapping": true,
        "hacksawCutting": true,
        "painting": true,
        "helperTagWeld": true,
        "buffer": true
    },

    {
        "id": 2,
        "firstName": "Dilip",
        "lastName": "Koli",
        "designation": "Fitter",
        "username": "dilipkoli",
        "password": "password",
        "marking": true,
        "cuttingShearing": true,
        "sheetBending": true,
        "pipeBending": true,
        "straightening": true,
        "gauging": true,
        "pipeFitting": true,
        "insulation": true,
        "testing": true,
        "fittingAssembly": false,
        "filletWeld": false,
        "buttWeld": false,
        "rootWeld": false,
        "backChipping": false,
        "tagWeld": false,
        "edgeWeld": false,
        "pipeWeld": false,
        "cleaning": false,
        "packing": false,
        "handling": false,
        "filing": false,
        "grinding": false,
        "drilling": false,
        "tapping": true,
        "hacksawCutting": true,
        "painting": true,
        "helperTagWeld": true,
        "buffer": true
    }
]